mysql> desc employee;
+--------+-------------+------+-----+---------+----------------+
| Field  | Type        | Null | Key | Default | Extra          |
+--------+-------------+------+-----+---------+----------------+
| eid    | int         | NO   | PRI | NULL    | auto_increment |
| ename  | varchar(20) | YES  |     | NULL    |                |
| salary | int         | YES  |     | NULL    |                |
+--------+-------------+------+-----+---------+----------------+
3 rows in set (0.00 sec)

mysql> desc employee_addresses;
+---------+-------------+------+-----+---------+-------+
| Field   | Type        | Null | Key | Default | Extra |
+---------+-------------+------+-----+---------+-------+
| city    | varchar(20) | YES  |     | NULL    |       |
| state   | varchar(20) | YES  |     | NULL    |       |
| pincode | varchar(20) | YES  |     | NULL    |       |
+---------+-------------+------+-----+---------+-------+
4 rows in set (0.00 sec)


After entering the data from Java Program...

mysql> select * from employee;
+-----+--------+--------+
| eid | ename  | salary |
+-----+--------+--------+
|   2 | Ramesh |   6800 |
+-----+--------+--------+

mysql> select * from employee_addresses;
+--------+-------+---------+--------------+--------+
| city   | state | pincode | Employee_eid | type   |
+--------+-------+---------+--------------+--------+
| Pune   | Mh    | 787887  |            2 | home   |
| Indore | MP    | 584542  |            2 | office |
+--------+-------+---------+--------------+--------+